,names,iptm,ptm,ranking_score,fraction_disordered,has_clash,chain_iptm_1,chain_iptm_2,chain_ptm_1,chain_ptm_2,chain_pair_iptm_1a,chain_pair_iptm_1b,chain_pair_iptm_2a,chain_pair_iptm_2b,chain_pair_pae_1a,chain_pair_pae_1b,chain_pair_pae_2a,chain_pair_pae_2b
37,nv2t013314001,0.86,0.79,0.92,0.16,0.0,0.86,0.86,0.02,0.79,0.02,0.86,0.86,0.79,0.76,1.43,1.19,0.76
116,nv2t012744002,0.85,0.69,0.87,0.09,0.0,0.85,0.85,0.02,0.69,0.02,0.85,0.85,0.69,0.76,3.96,3.93,0.76
48,nv2t013314002,0.84,0.8,0.91,0.16,0.0,0.84,0.84,0.02,0.8,0.02,0.84,0.84,0.8,0.76,1.67,1.29,0.76
106,nv2t005982001,0.75,0.79,0.83,0.14,0.0,0.75,0.75,0.02,0.79,0.02,0.75,0.75,0.79,0.76,1.47,1.16,0.76
95,nv2t005624002,0.75,0.43,0.78,0.19,0.0,0.75,0.75,0.01,0.43,0.01,0.75,0.75,0.43,0.76,6.66,4.07,0.76
21,nv2t019780001,0.73,0.71,0.81,0.17,0.0,0.73,0.73,0.02,0.71,0.02,0.73,0.73,0.71,0.76,2.5,2.41,0.76
24,nv2t018748001,0.73,0.69,0.79,0.13,0.0,0.73,0.73,0.02,0.69,0.02,0.73,0.73,0.69,0.76,2.36,1.76,0.76
93,nv2t005624003,0.73,0.43,0.77,0.19,0.0,0.73,0.73,0.01,0.43,0.01,0.73,0.73,0.43,0.76,6.27,4.33,0.76
82,nv2t005624001,0.69,0.47,0.74,0.19,0.0,0.69,0.69,0.01,0.47,0.01,0.69,0.69,0.47,0.76,7.63,5.51,0.76
25,nv2t025291001,0.69,0.45,0.68,0.08,0.0,0.69,0.69,0.01,0.46,0.01,0.69,0.69,0.46,0.76,8.04,6.08,0.76
111,nv2t000674001,0.69,0.45,0.74,0.21,0.0,0.69,0.69,0.01,0.45,0.01,0.69,0.69,0.45,0.76,3.95,5.55,0.76
71,nv2t004851001,0.69,0.41,0.67,0.07,0.0,0.69,0.69,0.01,0.42,0.01,0.69,0.69,0.42,0.76,8.2,5.5,0.76
115,nv2t018451002,0.68,0.54,0.83,0.36,0.0,0.68,0.68,0.01,0.54,0.01,0.68,0.68,0.54,0.76,5.62,4.72,0.76
65,nv2t004862002,0.65,0.71,0.69,0.05,0.0,0.65,0.65,0.01,0.71,0.01,0.65,0.65,0.71,0.76,7.63,5.6,0.76
128,nv2t018451001,0.65,0.6,0.75,0.22,0.0,0.65,0.65,0.01,0.59,0.01,0.65,0.65,0.59,0.76,7.1,6.06,0.76
55,nv2t004862001,0.64,0.81,0.7,0.06,0.0,0.64,0.64,0.01,0.81,0.01,0.64,0.64,0.81,0.76,8.48,5.82,0.76
73,nv2t005081001,0.64,0.39,0.66,0.15,0.0,0.64,0.64,0.01,0.4,0.01,0.64,0.64,0.4,0.76,11.33,8.32,0.76
22,nv2t020451001,0.62,0.79,0.72,0.14,0.0,0.62,0.62,0.01,0.79,0.01,0.62,0.62,0.79,0.76,6.99,4.37,0.76
123,nv2t000801005,0.62,0.43,0.63,0.1,0.0,0.62,0.62,0.01,0.43,0.01,0.62,0.62,0.43,0.76,11.74,7.76,0.76
47,nv2t024716001,0.62,0.41,0.59,0.02,0.0,0.62,0.62,0.02,0.41,0.02,0.62,0.62,0.41,0.76,7.29,9.3,0.76
10,nv2t000521004,0.6,0.71,0.67,0.09,0.0,0.6,0.6,0.01,0.71,0.01,0.6,0.6,0.71,0.76,9.34,7.82,0.76
134,nv2t000801006,0.6,0.41,0.61,0.09,0.0,0.6,0.6,0.01,0.41,0.01,0.6,0.6,0.41,0.77,12.81,10.99,0.76
78,nv2t007363001,0.59,0.58,0.63,0.09,0.0,0.59,0.59,0.01,0.58,0.01,0.59,0.59,0.58,0.76,7.78,8.18,0.76
118,nv2t000801003,0.59,0.45,0.61,0.11,0.0,0.59,0.59,0.01,0.45,0.01,0.59,0.59,0.45,0.77,12.12,10.36,0.76
119,nv2t000801004,0.59,0.44,0.61,0.1,0.0,0.59,0.59,0.01,0.44,0.01,0.59,0.59,0.44,0.76,13.19,10.54,0.76
96,nv2t010145001,0.59,0.43,0.6,0.09,0.0,0.59,0.59,0.01,0.43,0.01,0.59,0.59,0.43,0.76,10.68,7.27,0.76
125,nv2t000801002,0.59,0.43,0.61,0.09,0.0,0.59,0.59,0.01,0.44,0.01,0.59,0.59,0.44,0.77,13.4,10.08,0.76
122,nv2t012716001,0.58,0.78,0.68,0.12,0.0,0.58,0.58,0.01,0.79,0.01,0.58,0.58,0.79,0.76,5.96,4.85,0.76
8,nv2t018745001,0.58,0.76,0.63,0.04,0.0,0.58,0.58,0.01,0.76,0.01,0.58,0.58,0.76,0.76,9.12,6.2,0.76
126,nv2t011292001,0.58,0.49,0.72,0.33,0.0,0.58,0.58,0.01,0.48,0.01,0.58,0.58,0.48,0.77,9.85,8.24,0.76
57,nv2t004055001,0.58,0.42,0.67,0.26,0.0,0.58,0.58,0.01,0.42,0.01,0.58,0.58,0.42,0.76,9.74,7.94,0.76
17,nv2t000782005,0.57,0.68,0.65,0.12,0.0,0.57,0.57,0.01,0.68,0.01,0.57,0.57,0.68,0.76,7.32,6.19,0.76
51,nv2t005045001,0.57,0.54,0.6,0.07,0.0,0.57,0.57,0.01,0.55,0.01,0.57,0.57,0.55,0.76,15.47,12.61,0.76
67,nv2t003564001,0.56,0.75,0.73,0.27,0.0,0.56,0.56,0.01,0.75,0.01,0.56,0.56,0.75,0.76,8.59,5.19,0.76
33,nv2t015790001,0.56,0.62,0.7,0.25,0.0,0.56,0.56,0.01,0.62,0.01,0.56,0.56,0.62,0.76,9.82,9.53,0.76
117,nv2t019080002,0.56,0.4,0.55,0.06,0.0,0.56,0.56,0.01,0.4,0.01,0.56,0.56,0.4,0.77,7.8,8.08,0.76
133,nv2t000801001,0.55,0.43,0.56,0.08,0.0,0.55,0.55,0.01,0.43,0.01,0.55,0.55,0.43,0.77,13.91,9.72,0.76
0,nv2t019392002,0.54,0.75,0.65,0.13,0.0,0.54,0.54,0.01,0.75,0.01,0.54,0.54,0.75,0.76,13.36,12.04,0.76
68,nv2t023292001,0.54,0.54,0.58,0.09,0.0,0.54,0.54,0.01,0.54,0.01,0.54,0.54,0.54,0.76,5.87,6.76,0.76
1,nv2t018839001,0.53,0.8,0.63,0.1,0.0,0.53,0.53,0.01,0.81,0.01,0.53,0.53,0.81,0.76,8.2,5.31,0.76
130,nv2t019080001,0.53,0.4,0.53,0.05,0.0,0.53,0.53,0.01,0.4,0.01,0.53,0.53,0.4,0.77,10.75,10.2,0.76
98,nv2t003133001,0.52,0.73,0.58,0.04,0.0,0.52,0.52,0.01,0.73,0.01,0.52,0.52,0.73,0.77,15.29,11.97,0.76
39,nv2t025291002,0.52,0.43,0.55,0.09,0.0,0.52,0.52,0.02,0.44,0.02,0.52,0.52,0.44,0.76,15.31,13.09,0.76
29,nv2t013818002,0.51,0.53,0.76,0.49,0.0,0.51,0.51,0.02,0.51,0.02,0.51,0.51,0.51,0.77,4.66,4.09,0.76
64,nv2t005048001,0.51,0.49,0.56,0.1,0.0,0.51,0.51,0.01,0.49,0.01,0.51,0.51,0.49,0.76,5.18,4.63,0.76
110,nv2t007042001,0.5,0.79,0.63,0.15,0.0,0.5,0.5,0.01,0.8,0.01,0.5,0.5,0.8,0.76,9.63,6.33,0.76
38,nv2t017010001,0.5,0.77,0.63,0.16,0.0,0.5,0.5,0.01,0.77,0.01,0.5,0.5,0.77,0.77,8.42,5.1,0.76
46,nv2t015927001,0.5,0.76,0.59,0.09,0.0,0.5,0.5,0.01,0.76,0.01,0.5,0.5,0.76,0.76,8.19,6.28,0.76
43,nv2t015928001,0.49,0.78,0.58,0.05,0.0,0.49,0.49,0.01,0.79,0.01,0.49,0.49,0.79,0.76,6.92,5.65,0.76
77,nv2t008726001,0.49,0.58,0.58,0.15,0.0,0.49,0.49,0.01,0.58,0.01,0.49,0.49,0.58,0.77,16.8,13.89,0.76
102,nv2t002930002,0.48,0.4,0.77,0.61,0.0,0.48,0.48,0.01,0.4,0.01,0.48,0.48,0.4,0.77,5.78,4.87,0.76
129,nv2t012744001,0.47,0.7,0.56,0.08,0.0,0.47,0.47,0.01,0.71,0.01,0.47,0.47,0.71,0.76,17.45,15.28,0.76
26,nv2t014416002,0.46,0.75,0.57,0.1,0.0,0.46,0.46,0.01,0.75,0.01,0.46,0.46,0.75,0.76,9.15,6.91,0.76
83,nv2t007513001,0.46,0.59,0.53,0.09,0.0,0.46,0.46,0.01,0.59,0.01,0.46,0.46,0.59,0.77,15.21,12.74,0.76
69,nv2t022974001,0.46,0.46,0.49,0.05,0.0,0.46,0.46,0.01,0.46,0.01,0.46,0.46,0.46,0.76,14.38,14.65,0.76
36,nv2t023620001,0.45,0.56,0.57,0.19,0.0,0.45,0.45,0.01,0.56,0.01,0.45,0.45,0.56,0.77,18.46,16.34,0.76
15,nv2t018388001,0.44,0.73,0.54,0.1,0.0,0.44,0.44,0.01,0.73,0.01,0.44,0.44,0.73,0.76,15.49,13.45,0.76
103,nv2t003436001,0.44,0.72,0.6,0.21,0.0,0.44,0.44,0.01,0.72,0.01,0.44,0.44,0.72,0.76,8.61,6.91,0.76
45,nv2t017448001,0.43,0.79,0.55,0.09,0.0,0.43,0.43,0.01,0.8,0.01,0.43,0.43,0.8,0.77,10.6,7.41,0.76
31,nv2t017448002,0.43,0.78,0.56,0.11,0.0,0.43,0.43,0.01,0.79,0.01,0.43,0.43,0.79,0.76,9.66,6.44,0.76
105,nv2t006113001,0.43,0.71,0.58,0.18,0.0,0.43,0.43,0.01,0.71,0.01,0.43,0.43,0.71,0.76,10.06,7.52,0.76
20,nv2t000120002,0.43,0.65,0.57,0.19,0.0,0.43,0.43,0.01,0.65,0.01,0.43,0.43,0.65,0.77,11.55,10.0,0.76
74,nv2t023270001,0.43,0.45,0.5,0.13,0.0,0.43,0.43,0.01,0.45,0.01,0.43,0.43,0.45,0.76,14.91,17.0,0.76
3,nv2t000782001,0.42,0.71,0.54,0.12,0.0,0.42,0.42,0.01,0.71,0.01,0.42,0.42,0.71,0.77,10.34,9.32,0.76
61,nv2t021369001,0.41,0.61,0.52,0.15,0.0,0.41,0.41,0.01,0.62,0.01,0.41,0.41,0.62,0.76,13.57,13.94,0.76
90,nv2t008294001,0.41,0.58,0.49,0.1,0.0,0.41,0.41,0.01,0.58,0.01,0.41,0.41,0.58,0.76,16.62,17.77,0.76
13,nv2t000782004,0.4,0.76,0.54,0.14,0.0,0.4,0.4,0.01,0.76,0.01,0.4,0.4,0.76,0.77,10.24,10.16,0.76
14,nv2t000782003,0.4,0.72,0.51,0.1,0.0,0.4,0.4,0.01,0.72,0.01,0.4,0.4,0.72,0.77,10.37,10.16,0.76
135,nv2t002018001,0.4,0.5,0.63,0.42,0.0,0.4,0.4,0.01,0.5,0.01,0.4,0.4,0.5,0.76,18.1,18.72,0.76
16,nv2t000782002,0.39,0.72,0.51,0.1,0.0,0.39,0.39,0.01,0.72,0.01,0.39,0.39,0.72,0.77,12.78,11.2,0.76
84,nv2t006809001,0.39,0.49,0.46,0.1,0.0,0.39,0.39,0.01,0.49,0.01,0.39,0.39,0.49,0.77,14.98,16.02,0.76
104,nv2t009631001,0.38,0.83,0.5,0.06,0.0,0.38,0.38,0.01,0.84,0.01,0.38,0.38,0.84,0.76,11.14,11.56,0.76
132,nv2t001180001,0.38,0.75,0.51,0.12,0.0,0.38,0.38,0.01,0.76,0.01,0.38,0.38,0.76,0.76,10.49,9.46,0.76
99,nv2t006623001,0.38,0.67,0.47,0.07,0.0,0.38,0.38,0.01,0.67,0.01,0.38,0.38,0.67,0.77,15.86,12.91,0.76
40,nv2t014416001,0.38,0.63,0.54,0.24,0.0,0.38,0.38,0.01,0.63,0.01,0.38,0.38,0.63,0.76,10.4,10.6,0.76
85,nv2t003562001,0.38,0.62,0.48,0.12,0.0,0.38,0.38,0.01,0.62,0.01,0.38,0.38,0.62,0.76,19.6,19.24,0.76
88,nv2t023019001,0.38,0.58,0.47,0.09,0.0,0.38,0.38,0.01,0.59,0.01,0.38,0.38,0.59,0.77,10.77,12.46,0.76
9,nv2t000521005,0.37,0.78,0.52,0.14,0.0,0.37,0.37,0.01,0.79,0.01,0.37,0.37,0.79,0.77,12.12,9.94,0.76
79,nv2t007252001,0.36,0.67,0.47,0.1,0.0,0.36,0.36,0.01,0.68,0.01,0.36,0.36,0.68,0.76,17.71,16.87,0.76
72,nv2t005052001,0.36,0.55,0.53,0.25,0.0,0.36,0.36,0.01,0.56,0.01,0.36,0.36,0.56,0.76,10.45,8.53,0.76
60,nv2t022518001,0.36,0.47,0.65,0.53,0.0,0.36,0.36,0.01,0.47,0.01,0.36,0.36,0.47,0.77,16.01,15.91,0.76
52,nv2t022669002,0.36,0.42,0.59,0.43,0.0,0.36,0.36,0.02,0.42,0.02,0.36,0.36,0.42,0.77,10.44,13.06,0.76
70,nv2t023279002,0.35,0.55,0.42,0.06,0.0,0.35,0.35,0.01,0.55,0.01,0.35,0.35,0.55,0.77,16.55,17.44,0.76
53,nv2t023280001,0.34,0.38,0.36,0.03,0.0,0.34,0.34,0.01,0.38,0.01,0.34,0.34,0.38,0.77,23.94,23.67,0.76
27,nv2t017955001,0.33,0.8,0.45,0.05,0.0,0.33,0.33,0.01,0.8,0.01,0.33,0.33,0.8,0.77,18.73,20.35,0.76
18,nv2t018474001,0.33,0.76,0.45,0.08,0.0,0.33,0.33,0.01,0.77,0.01,0.33,0.33,0.77,0.77,15.91,13.55,0.76
76,nv2t008930001,0.33,0.71,0.43,0.05,0.0,0.33,0.33,0.01,0.72,0.01,0.33,0.33,0.72,0.76,19.04,17.98,0.76
35,nv2t024015001,0.33,0.68,0.46,0.12,0.0,0.33,0.33,0.01,0.68,0.01,0.33,0.33,0.68,0.77,13.6,12.24,0.76
131,nv2t000103001,0.33,0.64,0.44,0.09,0.0,0.33,0.33,0.01,0.64,0.01,0.33,0.33,0.64,0.77,17.87,19.0,0.76
12,nv2t018039001,0.32,0.7,0.47,0.14,0.0,0.32,0.32,0.01,0.7,0.01,0.32,0.32,0.7,0.76,18.94,18.52,0.76
92,nv2t006626001,0.32,0.68,0.45,0.12,0.0,0.32,0.32,0.01,0.69,0.01,0.32,0.32,0.69,0.77,19.92,19.17,0.76
5,nv2t013263004,0.32,0.63,0.44,0.11,0.0,0.32,0.32,0.01,0.64,0.01,0.32,0.32,0.64,0.77,20.42,20.65,0.76
32,nv2t015596001,0.32,0.6,0.47,0.19,0.0,0.32,0.32,0.01,0.61,0.01,0.32,0.32,0.61,0.76,11.48,10.7,0.76
121,nv2t019377001,0.32,0.56,0.43,0.13,0.0,0.32,0.32,0.01,0.57,0.01,0.32,0.32,0.57,0.77,20.34,21.16,0.76
86,nv2t023521001,0.31,0.42,0.54,0.41,0.0,0.31,0.31,0.01,0.42,0.01,0.31,0.31,0.42,0.77,14.99,13.86,0.76
11,nv2t019392001,0.3,0.76,0.44,0.1,0.0,0.3,0.3,0.01,0.76,0.01,0.3,0.3,0.76,0.76,19.29,19.27,0.76
87,nv2t008357001,0.3,0.62,0.4,0.06,0.0,0.3,0.3,0.01,0.62,0.01,0.3,0.3,0.62,0.77,21.73,21.75,0.76
66,nv2t021470001,0.3,0.43,0.57,0.48,0.0,0.3,0.3,0.01,0.43,0.01,0.3,0.3,0.43,0.76,21.4,21.37,0.76
6,nv2t013263002,0.29,0.59,0.45,0.21,0.0,0.29,0.29,0.01,0.59,0.01,0.29,0.29,0.59,0.77,23.66,22.64,0.76
120,nv2t000120001,0.29,0.56,0.49,0.28,0.0,0.29,0.29,0.01,0.56,0.01,0.29,0.29,0.56,0.77,17.75,18.42,0.76
34,nv2t013940001,0.29,0.4,0.53,0.43,0.0,0.29,0.29,0.01,0.4,0.01,0.29,0.29,0.4,0.77,17.18,15.35,0.76
124,nv2t001902001,0.28,0.66,0.46,0.2,0.0,0.28,0.28,0.01,0.67,0.01,0.28,0.28,0.67,0.76,22.13,19.98,0.76
113,nv2t001904002,0.28,0.65,0.39,0.06,0.0,0.28,0.28,0.01,0.65,0.01,0.28,0.28,0.65,0.77,21.02,18.55,0.76
112,nv2t000229001,0.28,0.63,0.42,0.13,0.0,0.28,0.28,0.01,0.63,0.01,0.28,0.28,0.63,0.77,23.54,22.58,0.76
97,nv2t002930001,0.28,0.56,0.5,0.32,0.0,0.28,0.28,0.01,0.56,0.01,0.28,0.28,0.56,0.77,21.31,20.63,0.76
91,nv2t023279003,0.26,0.62,0.35,0.04,0.0,0.26,0.26,0.01,0.62,0.01,0.26,0.26,0.62,0.77,16.43,18.33,0.76
127,nv2t001904001,0.26,0.55,0.43,0.23,0.0,0.26,0.26,0.01,0.56,0.01,0.26,0.26,0.56,0.77,15.72,15.94,0.76
19,nv2t023815001,0.25,0.44,0.32,0.05,0.0,0.25,0.25,0.01,0.44,0.01,0.25,0.25,0.44,0.77,25.34,26.83,0.76
58,nv2t023279001,0.25,0.43,0.32,0.07,0.0,0.25,0.25,0.01,0.43,0.01,0.25,0.25,0.43,0.77,21.75,21.83,0.76
44,nv2t013263001,0.23,0.61,0.38,0.14,0.0,0.23,0.23,0.01,0.62,0.01,0.23,0.23,0.62,0.77,25.56,25.21,0.76
75,nv2t022669003,0.23,0.47,0.38,0.22,0.0,0.23,0.23,0.01,0.47,0.01,0.23,0.23,0.47,0.77,18.5,17.01,0.76
94,nv2t007608001,0.22,0.5,0.33,0.1,0.0,0.22,0.22,0.01,0.5,0.01,0.22,0.22,0.5,0.77,22.45,23.7,0.76
63,nv2t022669001,0.22,0.48,0.39,0.24,0.0,0.22,0.22,0.01,0.48,0.01,0.22,0.22,0.48,0.77,19.37,17.35,0.76
4,nv2t013263003,0.21,0.57,0.4,0.23,0.0,0.21,0.21,0.01,0.57,0.01,0.21,0.21,0.57,0.77,25.29,25.81,0.76
114,nv2t000783001,0.21,0.49,0.77,1.0,0.0,0.21,0.21,0.02,0.51,0.02,0.21,0.21,0.51,0.77,9.45,8.14,0.76
108,nv2t002628001,0.21,0.44,0.29,0.07,0.0,0.21,0.21,0.01,0.45,0.01,0.21,0.21,0.45,0.77,10.04,11.43,0.76
59,nv2t023278001,0.2,0.34,0.24,0.03,0.0,0.2,0.2,0.01,0.34,0.01,0.2,0.2,0.34,0.77,25.1,28.18,0.76
62,nv2t023280002,0.18,0.38,0.25,0.05,0.0,0.18,0.18,0.02,0.38,0.02,0.18,0.18,0.38,0.77,13.21,15.24,0.76
81,nv2t022974002,0.16,0.37,0.23,0.05,0.0,0.16,0.16,0.02,0.38,0.02,0.16,0.16,0.38,0.76,11.28,12.51,0.76
109,nv2t006059001,0.15,0.46,0.35,0.27,0.0,0.15,0.15,0.01,0.48,0.01,0.15,0.15,0.48,0.77,18.69,13.17,0.76
80,nv2t023019002,0.13,0.25,0.3,0.28,0.0,0.13,0.13,0.02,0.26,0.02,0.13,0.13,0.26,0.77,16.38,19.74,0.77
101,nv2t010293001,0.11,0.39,0.25,0.16,0.0,0.11,0.11,0.01,0.41,0.01,0.11,0.11,0.41,0.77,14.98,15.99,0.76
2,nv2t000782006,0.09,0.43,0.37,0.43,0.0,0.09,0.09,0.02,0.44,0.02,0.09,0.09,0.44,0.77,18.73,18.14,0.76
54,nv2t017159001,0.08,0.41,0.49,0.68,0.0,0.08,0.08,0.01,0.42,0.01,0.08,0.08,0.42,0.77,20.26,21.82,0.76
7,nv2t019080003,0.08,0.26,0.16,0.09,0.0,0.08,0.08,0.01,0.27,0.01,0.08,0.08,0.27,0.77,14.81,16.35,0.76
28,nv2t014417002,0.07,0.33,0.42,0.6,0.0,0.07,0.07,0.01,0.34,0.01,0.07,0.07,0.34,0.77,24.96,24.49,0.76
41,nv2t014417001,0.07,0.33,0.4,0.56,0.0,0.07,0.07,0.01,0.34,0.01,0.07,0.07,0.34,0.77,21.7,23.69,0.76
50,nv2t005051001,0.06,0.34,0.62,1.0,0.0,0.06,0.06,0.01,0.36,0.01,0.06,0.06,0.36,0.78,20.01,18.52,0.76
89,nv2t006386001,0.05,0.69,0.33,0.3,0.0,0.05,0.05,0.01,0.72,0.01,0.05,0.05,0.72,0.77,26.51,25.75,0.76
49,nv2t015923001,0.05,0.4,0.48,0.71,0.0,0.05,0.05,0.01,0.41,0.01,0.05,0.05,0.41,0.77,22.2,24.63,0.76
56,nv2t005054001,0.05,0.28,0.59,0.99,0.0,0.05,0.05,0.01,0.29,0.01,0.05,0.05,0.29,0.78,22.27,23.48,0.76
107,nv2t009952001,0.03,0.44,0.38,0.53,0.0,0.03,0.03,0.02,0.46,0.02,0.03,0.03,0.46,0.77,28.03,26.79,0.76
42,nv2t013818001,0.03,0.26,0.58,1.0,0.0,0.03,0.03,0.02,0.27,0.02,0.03,0.03,0.27,0.77,24.52,26.07,0.76
23,nv2t020455001,0.02,0.47,0.61,1.0,0.0,0.02,0.02,0.01,0.5,0.01,0.02,0.02,0.5,0.77,24.36,25.24,0.76
100,nv2t002625001,0.02,0.29,0.37,0.59,0.0,0.02,0.02,0.02,0.3,0.02,0.02,0.02,0.3,0.77,30.91,30.75,0.76
30,nv2t015169001,0.02,0.22,0.55,0.97,0.0,0.02,0.02,0.02,0.23,0.02,0.02,0.02,0.23,0.77,29.26,28.04,0.76
